resident_code,related_resident_code,relationship_type,relationship_status
R-0001,R-0002,parent,active
R-0002,R-0001,child,active
R-0001,R-0003,parent,active
R-0003,R-0001,child,active
R-0001,R-0004,parent,active
R-0004,R-0001,child,active
R-0002,R-0003,sibling,active
R-0003,R-0002,sibling,active
R-0002,R-0004,sibling,active
R-0004,R-0002,sibling,active
R-0003,R-0004,sibling,active
R-0004,R-0003,sibling,active
R-0005,R-0006,spouse,active
R-0006,R-0005,spouse,active
R-0005,R-0007,parent,active
R-0007,R-0005,child,active
R-0006,R-0007,parent,active
R-0007,R-0006,child,active
R-0005,R-0008,parent,active
R-0008,R-0005,child,active
R-0006,R-0008,parent,active
R-0008,R-0006,child,active
R-0005,R-0009,parent,active
R-0009,R-0005,child,active
R-0006,R-0009,parent,active
R-0009,R-0006,child,active
R-0007,R-0008,sibling,active
R-0008,R-0007,sibling,active
R-0007,R-0009,sibling,active
R-0009,R-0007,sibling,active
R-0008,R-0009,sibling,active
R-0009,R-0008,sibling,active
R-0010,R-0011,spouse,active
R-0011,R-0010,spouse,active
R-0010,R-0012,parent,active
R-0012,R-0010,child,active
R-0011,R-0012,parent,active
R-0012,R-0011,child,active
R-0010,R-0013,parent,active
R-0013,R-0010,child,active
R-0011,R-0013,parent,active
R-0013,R-0011,child,active
R-0012,R-0013,sibling,active
R-0013,R-0012,sibling,active
R-0014,R-0015,spouse,active
R-0015,R-0014,spouse,active
R-0014,R-0016,parent,active
R-0016,R-0014,child,active
R-0015,R-0016,parent,active
R-0016,R-0015,child,active
R-0014,R-0017,parent,active
R-0017,R-0014,child,active
R-0015,R-0017,parent,active
R-0017,R-0015,child,active
R-0016,R-0017,sibling,active
R-0017,R-0016,sibling,active
R-0018,R-0014,parent,active
R-0014,R-0018,child,active
R-0018,R-0016,grandparent,active
R-0016,R-0018,grandchild,active
R-0018,R-0017,grandparent,active
R-0017,R-0018,grandchild,active
R-0019,R-0020,spouse,active
R-0020,R-0019,spouse,active
R-0019,R-0021,parent,active
R-0021,R-0019,child,active
R-0020,R-0021,parent,active
R-0021,R-0020,child,active
R-0019,R-0022,parent,active
R-0022,R-0019,child,active
R-0020,R-0022,parent,active
R-0022,R-0020,child,active
R-0019,R-0023,parent,active
R-0023,R-0019,child,active
R-0020,R-0023,parent,active
R-0023,R-0020,child,active
R-0019,R-0024,parent,active
R-0024,R-0019,child,active
R-0020,R-0024,parent,active
R-0024,R-0020,child,active
R-0021,R-0022,sibling,active
R-0022,R-0021,sibling,active
R-0021,R-0023,sibling,active
R-0023,R-0021,sibling,active
R-0021,R-0024,sibling,active
R-0024,R-0021,sibling,active
R-0022,R-0023,sibling,active
R-0023,R-0022,sibling,active
R-0022,R-0024,sibling,active
R-0024,R-0022,sibling,active
R-0023,R-0024,sibling,active
R-0024,R-0023,sibling,active
R-0025,R-0026,parent,active
R-0026,R-0025,child,active
R-0027,R-0028,spouse,active
R-0028,R-0027,spouse,active
R-0027,R-0029,parent,active
R-0029,R-0027,child,active
R-0028,R-0029,parent,active
R-0029,R-0028,child,active
R-0030,R-0031,spouse,active
R-0031,R-0030,spouse,active
R-0030,R-0032,parent,active
R-0032,R-0030,child,active
R-0031,R-0032,parent,active
R-0032,R-0031,child,active
R-0030,R-0033,parent,active
R-0033,R-0030,child,active
R-0031,R-0033,parent,active
R-0033,R-0031,child,active
R-0032,R-0033,sibling,active
R-0033,R-0032,sibling,active
R-0034,R-0030,parent,active
R-0030,R-0034,child,active
R-0034,R-0032,grandparent,active
R-0032,R-0034,grandchild,active
R-0034,R-0033,grandparent,active
R-0033,R-0034,grandchild,active
R-0035,R-0036,spouse,active
R-0036,R-0035,spouse,active
R-0035,R-0037,parent,active
R-0037,R-0035,child,active
R-0036,R-0037,parent,active
R-0037,R-0036,child,active
R-0038,R-0039,parent,active
R-0039,R-0038,child,active
R-0038,R-0040,parent,active
R-0040,R-0038,child,active
R-0039,R-0040,sibling,active
R-0040,R-0039,sibling,active
R-0041,R-0038,parent,active
R-0038,R-0041,child,active
R-0041,R-0039,grandparent,active
R-0039,R-0041,grandchild,active
R-0041,R-0040,grandparent,active
R-0040,R-0041,grandchild,active
R-0042,R-0043,spouse,active
R-0043,R-0042,spouse,active
R-0042,R-0044,parent,active
R-0044,R-0042,child,active
R-0043,R-0044,parent,active
R-0044,R-0043,child,active
R-0042,R-0045,parent,active
R-0045,R-0042,child,active
R-0043,R-0045,parent,active
R-0045,R-0043,child,active
R-0042,R-0046,parent,active
R-0046,R-0042,child,active
R-0043,R-0046,parent,active
R-0046,R-0043,child,active
R-0042,R-0047,parent,active
R-0047,R-0042,child,active
R-0043,R-0047,parent,active
R-0047,R-0043,child,active
R-0044,R-0045,sibling,active
R-0045,R-0044,sibling,active
R-0044,R-0046,sibling,active
R-0046,R-0044,sibling,active
R-0044,R-0047,sibling,active
R-0047,R-0044,sibling,active
R-0045,R-0046,sibling,active
R-0046,R-0045,sibling,active
R-0045,R-0047,sibling,active
R-0047,R-0045,sibling,active
R-0046,R-0047,sibling,active
R-0047,R-0046,sibling,active
R-0048,R-0049,spouse,active
R-0049,R-0048,spouse,active
R-0048,R-0050,parent,active
R-0050,R-0048,child,active
R-0049,R-0050,parent,active
R-0050,R-0049,child,active
R-0048,R-0051,parent,active
R-0051,R-0048,child,active
R-0049,R-0051,parent,active
R-0051,R-0049,child,active
R-0048,R-0052,parent,active
R-0052,R-0048,child,active
R-0049,R-0052,parent,active
R-0052,R-0049,child,active
R-0048,R-0053,parent,active
R-0053,R-0048,child,active
R-0049,R-0053,parent,active
R-0053,R-0049,child,active
R-0050,R-0051,sibling,active
R-0051,R-0050,sibling,active
R-0050,R-0052,sibling,active
R-0052,R-0050,sibling,active
R-0050,R-0053,sibling,active
R-0053,R-0050,sibling,active
R-0051,R-0052,sibling,active
R-0052,R-0051,sibling,active
R-0051,R-0053,sibling,active
R-0053,R-0051,sibling,active
R-0052,R-0053,sibling,active
R-0053,R-0052,sibling,active
R-0054,R-0055,spouse,active
R-0055,R-0054,spouse,active
R-0054,R-0056,parent,active
R-0056,R-0054,child,active
R-0055,R-0056,parent,active
R-0056,R-0055,child,active
R-0054,R-0057,parent,active
R-0057,R-0054,child,active
R-0055,R-0057,parent,active
R-0057,R-0055,child,active
R-0054,R-0058,parent,active
R-0058,R-0054,child,active
R-0055,R-0058,parent,active
R-0058,R-0055,child,active
R-0056,R-0057,sibling,active
R-0057,R-0056,sibling,active
R-0056,R-0058,sibling,active
R-0058,R-0056,sibling,active
R-0057,R-0058,sibling,active
R-0058,R-0057,sibling,active
R-0059,R-0054,parent,active
R-0054,R-0059,child,active
R-0059,R-0056,grandparent,active
R-0056,R-0059,grandchild,active
R-0059,R-0057,grandparent,active
R-0057,R-0059,grandchild,active
R-0059,R-0058,grandparent,active
R-0058,R-0059,grandchild,active
R-0060,R-0061,spouse,active
R-0061,R-0060,spouse,active
R-0060,R-0062,parent,active
R-0062,R-0060,child,active
R-0061,R-0062,parent,active
R-0062,R-0061,child,active
R-0060,R-0063,parent,active
R-0063,R-0060,child,active
R-0061,R-0063,parent,active
R-0063,R-0061,child,active
R-0062,R-0063,sibling,active
R-0063,R-0062,sibling,active
R-0064,R-0065,spouse,active
R-0065,R-0064,spouse,active
R-0064,R-0066,parent,active
R-0066,R-0064,child,active
R-0065,R-0066,parent,active
R-0066,R-0065,child,active
R-0064,R-0067,parent,active
R-0067,R-0064,child,active
R-0065,R-0067,parent,active
R-0067,R-0065,child,active
R-0064,R-0068,parent,active
R-0068,R-0064,child,active
R-0065,R-0068,parent,active
R-0068,R-0065,child,active
R-0064,R-0069,parent,active
R-0069,R-0064,child,active
R-0065,R-0069,parent,active
R-0069,R-0065,child,active
R-0066,R-0067,sibling,active
R-0067,R-0066,sibling,active
R-0066,R-0068,sibling,active
R-0068,R-0066,sibling,active
R-0066,R-0069,sibling,active
R-0069,R-0066,sibling,active
R-0067,R-0068,sibling,active
R-0068,R-0067,sibling,active
R-0067,R-0069,sibling,active
R-0069,R-0067,sibling,active
R-0068,R-0069,sibling,active
R-0069,R-0068,sibling,active
R-0070,R-0071,parent,active
R-0071,R-0070,child,active
R-0070,R-0072,parent,active
R-0072,R-0070,child,active
R-0070,R-0073,parent,active
R-0073,R-0070,child,active
R-0071,R-0072,sibling,active
R-0072,R-0071,sibling,active
R-0071,R-0073,sibling,active
R-0073,R-0071,sibling,active
R-0072,R-0073,sibling,active
R-0073,R-0072,sibling,active
R-0074,R-0070,parent,active
R-0070,R-0074,child,active
R-0074,R-0071,grandparent,active
R-0071,R-0074,grandchild,active
R-0074,R-0072,grandparent,active
R-0072,R-0074,grandchild,active
R-0074,R-0073,grandparent,active
R-0073,R-0074,grandchild,active
R-0075,R-0076,parent,active
R-0076,R-0075,child,active
R-0075,R-0077,parent,active
R-0077,R-0075,child,active
R-0075,R-0078,parent,active
R-0078,R-0075,child,active
R-0075,R-0079,parent,active
R-0079,R-0075,child,active
R-0076,R-0077,sibling,active
R-0077,R-0076,sibling,active
R-0076,R-0078,sibling,active
R-0078,R-0076,sibling,active
R-0076,R-0079,sibling,active
R-0079,R-0076,sibling,active
R-0077,R-0078,sibling,active
R-0078,R-0077,sibling,active
R-0077,R-0079,sibling,active
R-0079,R-0077,sibling,active
R-0078,R-0079,sibling,active
R-0079,R-0078,sibling,active
R-0080,R-0081,spouse,active
R-0081,R-0080,spouse,active
R-0080,R-0082,parent,active
R-0082,R-0080,child,active
R-0081,R-0082,parent,active
R-0082,R-0081,child,active
R-0080,R-0083,parent,active
R-0083,R-0080,child,active
R-0081,R-0083,parent,active
R-0083,R-0081,child,active
R-0080,R-0084,parent,active
R-0084,R-0080,child,active
R-0081,R-0084,parent,active
R-0084,R-0081,child,active
R-0082,R-0083,sibling,active
R-0083,R-0082,sibling,active
R-0082,R-0084,sibling,active
R-0084,R-0082,sibling,active
R-0083,R-0084,sibling,active
R-0084,R-0083,sibling,active
R-0085,R-0086,parent,active
R-0086,R-0085,child,active
R-0087,R-0085,parent,active
R-0085,R-0087,child,active
R-0087,R-0086,grandparent,active
R-0086,R-0087,grandchild,active
R-0088,R-0089,parent,active
R-0089,R-0088,child,active
R-0088,R-0090,parent,active
R-0090,R-0088,child,active
R-0088,R-0091,parent,active
R-0091,R-0088,child,active
R-0089,R-0090,sibling,active
R-0090,R-0089,sibling,active
R-0089,R-0091,sibling,active
R-0091,R-0089,sibling,active
R-0090,R-0091,sibling,active
R-0091,R-0090,sibling,active
R-0092,R-0093,spouse,active
R-0093,R-0092,spouse,active
R-0092,R-0094,parent,active
R-0094,R-0092,child,active
R-0093,R-0094,parent,active
R-0094,R-0093,child,active
R-0095,R-0092,parent,active
R-0092,R-0095,child,active
R-0095,R-0094,grandparent,active
R-0094,R-0095,grandchild,active
R-0096,R-0097,spouse,active
R-0097,R-0096,spouse,active
R-0096,R-0098,parent,active
R-0098,R-0096,child,active
R-0097,R-0098,parent,active
R-0098,R-0097,child,active
R-0096,R-0099,parent,active
R-0099,R-0096,child,active
R-0097,R-0099,parent,active
R-0099,R-0097,child,active
R-0096,R-0100,parent,active
R-0100,R-0096,child,active
R-0097,R-0100,parent,active
R-0100,R-0097,child,active
R-0096,R-0101,parent,active
R-0101,R-0096,child,active
R-0097,R-0101,parent,active
R-0101,R-0097,child,active
R-0098,R-0099,sibling,active
R-0099,R-0098,sibling,active
R-0098,R-0100,sibling,active
R-0100,R-0098,sibling,active
R-0098,R-0101,sibling,active
R-0101,R-0098,sibling,active
R-0099,R-0100,sibling,active
R-0100,R-0099,sibling,active
R-0099,R-0101,sibling,active
R-0101,R-0099,sibling,active
R-0100,R-0101,sibling,active
R-0101,R-0100,sibling,active
R-0102,R-0103,spouse,active
R-0103,R-0102,spouse,active
R-0102,R-0104,parent,active
R-0104,R-0102,child,active
R-0103,R-0104,parent,active
R-0104,R-0103,child,active
R-0102,R-0105,parent,active
R-0105,R-0102,child,active
R-0103,R-0105,parent,active
R-0105,R-0103,child,active
R-0102,R-0106,parent,active
R-0106,R-0102,child,active
R-0103,R-0106,parent,active
R-0106,R-0103,child,active
R-0104,R-0105,sibling,active
R-0105,R-0104,sibling,active
R-0104,R-0106,sibling,active
R-0106,R-0104,sibling,active
R-0105,R-0106,sibling,active
R-0106,R-0105,sibling,active
R-0107,R-0102,parent,active
R-0102,R-0107,child,active
R-0107,R-0104,grandparent,active
R-0104,R-0107,grandchild,active
R-0107,R-0105,grandparent,active
R-0105,R-0107,grandchild,active
R-0107,R-0106,grandparent,active
R-0106,R-0107,grandchild,active
R-0108,R-0109,spouse,active
R-0109,R-0108,spouse,active
R-0108,R-0110,parent,active
R-0110,R-0108,child,active
R-0109,R-0110,parent,active
R-0110,R-0109,child,active
R-0108,R-0111,parent,active
R-0111,R-0108,child,active
R-0109,R-0111,parent,active
R-0111,R-0109,child,active
R-0110,R-0111,sibling,active
R-0111,R-0110,sibling,active
R-0112,R-0113,spouse,active
R-0113,R-0112,spouse,active
R-0112,R-0114,parent,active
R-0114,R-0112,child,active
R-0113,R-0114,parent,active
R-0114,R-0113,child,active
R-0112,R-0115,parent,active
R-0115,R-0112,child,active
R-0113,R-0115,parent,active
R-0115,R-0113,child,active
R-0112,R-0116,parent,active
R-0116,R-0112,child,active
R-0113,R-0116,parent,active
R-0116,R-0113,child,active
R-0112,R-0117,parent,active
R-0117,R-0112,child,active
R-0113,R-0117,parent,active
R-0117,R-0113,child,active
R-0114,R-0115,sibling,active
R-0115,R-0114,sibling,active
R-0114,R-0116,sibling,active
R-0116,R-0114,sibling,active
R-0114,R-0117,sibling,active
R-0117,R-0114,sibling,active
R-0115,R-0116,sibling,active
R-0116,R-0115,sibling,active
R-0115,R-0117,sibling,active
R-0117,R-0115,sibling,active
R-0116,R-0117,sibling,active
R-0117,R-0116,sibling,active
R-0118,R-0119,spouse,active
R-0119,R-0118,spouse,active
R-0118,R-0120,parent,active
R-0120,R-0118,child,active
R-0119,R-0120,parent,active
R-0120,R-0119,child,active
R-0121,R-0118,parent,active
R-0118,R-0121,child,active
R-0121,R-0120,grandparent,active
R-0120,R-0121,grandchild,active
R-0122,R-0123,spouse,active
R-0123,R-0122,spouse,active
R-0122,R-0124,parent,active
R-0124,R-0122,child,active
R-0123,R-0124,parent,active
R-0124,R-0123,child,active
R-0122,R-0125,parent,active
R-0125,R-0122,child,active
R-0123,R-0125,parent,active
R-0125,R-0123,child,active
R-0124,R-0125,sibling,active
R-0125,R-0124,sibling,active
R-0126,R-0127,spouse,active
R-0127,R-0126,spouse,active
R-0126,R-0128,parent,active
R-0128,R-0126,child,active
R-0127,R-0128,parent,active
R-0128,R-0127,child,active
R-0129,R-0130,spouse,active
R-0130,R-0129,spouse,active
R-0129,R-0131,parent,active
R-0131,R-0129,child,active
R-0130,R-0131,parent,active
R-0131,R-0130,child,active
R-0129,R-0132,parent,active
R-0132,R-0129,child,active
R-0130,R-0132,parent,active
R-0132,R-0130,child,active
R-0129,R-0133,parent,active
R-0133,R-0129,child,active
R-0130,R-0133,parent,active
R-0133,R-0130,child,active
R-0129,R-0134,parent,active
R-0134,R-0129,child,active
R-0130,R-0134,parent,active
R-0134,R-0130,child,active
R-0131,R-0132,sibling,active
R-0132,R-0131,sibling,active
R-0131,R-0133,sibling,active
R-0133,R-0131,sibling,active
R-0131,R-0134,sibling,active
R-0134,R-0131,sibling,active
R-0132,R-0133,sibling,active
R-0133,R-0132,sibling,active
R-0132,R-0134,sibling,active
R-0134,R-0132,sibling,active
R-0133,R-0134,sibling,active
R-0134,R-0133,sibling,active
R-0135,R-0136,spouse,active
R-0136,R-0135,spouse,active
R-0135,R-0137,parent,active
R-0137,R-0135,child,active
R-0136,R-0137,parent,active
R-0137,R-0136,child,active
R-0135,R-0138,parent,active
R-0138,R-0135,child,active
R-0136,R-0138,parent,active
R-0138,R-0136,child,active
R-0137,R-0138,sibling,active
R-0138,R-0137,sibling,active
R-0139,R-0140,spouse,active
R-0140,R-0139,spouse,active
R-0139,R-0141,parent,active
R-0141,R-0139,child,active
R-0140,R-0141,parent,active
R-0141,R-0140,child,active
R-0142,R-0143,spouse,active
R-0143,R-0142,spouse,active
R-0142,R-0144,parent,active
R-0144,R-0142,child,active
R-0143,R-0144,parent,active
R-0144,R-0143,child,active
R-0145,R-0142,parent,active
R-0142,R-0145,child,active
R-0145,R-0144,grandparent,active
R-0144,R-0145,grandchild,active
