household_code,primary_site_code,head_resident_code,household_status
HH-0001,RES-0001,R-0001,active
HH-0002,RES-0002,R-0005,active
HH-0003,RES-0003,R-0010,active
HH-0004,RES-0004,R-0014,active
HH-0005,RES-0005,R-0019,active
HH-0006,RES-0006,R-0025,active
HH-0007,RES-0007,R-0027,active
HH-0008,RES-0008,R-0030,active
HH-0009,RES-0009,R-0035,active
HH-0010,RES-0010,R-0038,active
HH-0011,RES-0011,R-0042,active
HH-0012,RES-0012,R-0048,active
HH-0013,RES-0013,R-0054,active
HH-0014,RES-0014,R-0060,active
HH-0015,RES-0015,R-0064,active
HH-0016,RES-0016,R-0070,active
HH-0017,RES-0017,R-0075,active
HH-0018,RES-0018,R-0080,active
HH-0019,RES-0019,R-0085,active
HH-0020,RES-0020,R-0088,active
HH-0021,RES-0021,R-0092,active
HH-0022,RES-0022,R-0096,active
HH-0023,RES-0023,R-0102,active
HH-0024,RES-0024,R-0108,active
HH-0025,RES-0025,R-0112,active
HH-0026,RES-0026,R-0118,active
HH-0027,RES-0027,R-0122,active
HH-0028,RES-0028,R-0126,active
HH-0029,RES-0029,R-0129,active
HH-0030,RES-0030,R-0135,active
HH-0031,RES-0031,R-0139,active
HH-0032,RES-0032,R-0142,active
