household_code,resident_code
HH-0001,R-0001
HH-0001,R-0002
HH-0001,R-0003
HH-0001,R-0004
HH-0002,R-0005
HH-0002,R-0006
HH-0002,R-0007
HH-0002,R-0008
HH-0002,R-0009
HH-0003,R-0010
HH-0003,R-0011
HH-0003,R-0012
HH-0003,R-0013
HH-0004,R-0014
HH-0004,R-0015
HH-0004,R-0016
HH-0004,R-0017
HH-0004,R-0018
HH-0005,R-0019
HH-0005,R-0020
HH-0005,R-0021
HH-0005,R-0022
HH-0005,R-0023
HH-0005,R-0024
HH-0006,R-0025
HH-0006,R-0026
HH-0007,R-0027
HH-0007,R-0028
HH-0007,R-0029
HH-0008,R-0030
HH-0008,R-0031
HH-0008,R-0032
HH-0008,R-0033
HH-0008,R-0034
HH-0009,R-0035
HH-0009,R-0036
HH-0009,R-0037
HH-0010,R-0038
HH-0010,R-0039
HH-0010,R-0040
HH-0010,R-0041
HH-0011,R-0042
HH-0011,R-0043
HH-0011,R-0044
HH-0011,R-0045
HH-0011,R-0046
HH-0011,R-0047
HH-0012,R-0048
HH-0012,R-0049
HH-0012,R-0050
HH-0012,R-0051
HH-0012,R-0052
HH-0012,R-0053
HH-0013,R-0054
HH-0013,R-0055
HH-0013,R-0056
HH-0013,R-0057
HH-0013,R-0058
HH-0013,R-0059
HH-0014,R-0060
HH-0014,R-0061
HH-0014,R-0062
HH-0014,R-0063
HH-0015,R-0064
HH-0015,R-0065
HH-0015,R-0066
HH-0015,R-0067
HH-0015,R-0068
HH-0015,R-0069
HH-0016,R-0070
HH-0016,R-0071
HH-0016,R-0072
HH-0016,R-0073
HH-0016,R-0074
HH-0017,R-0075
HH-0017,R-0076
HH-0017,R-0077
HH-0017,R-0078
HH-0017,R-0079
HH-0018,R-0080
HH-0018,R-0081
HH-0018,R-0082
HH-0018,R-0083
HH-0018,R-0084
HH-0019,R-0085
HH-0019,R-0086
HH-0019,R-0087
HH-0020,R-0088
HH-0020,R-0089
HH-0020,R-0090
HH-0020,R-0091
HH-0021,R-0092
HH-0021,R-0093
HH-0021,R-0094
HH-0021,R-0095
HH-0022,R-0096
HH-0022,R-0097
HH-0022,R-0098
HH-0022,R-0099
HH-0022,R-0100
HH-0022,R-0101
HH-0023,R-0102
HH-0023,R-0103
HH-0023,R-0104
HH-0023,R-0105
HH-0023,R-0106
HH-0023,R-0107
HH-0024,R-0108
HH-0024,R-0109
HH-0024,R-0110
HH-0024,R-0111
HH-0025,R-0112
HH-0025,R-0113
HH-0025,R-0114
HH-0025,R-0115
HH-0025,R-0116
HH-0025,R-0117
HH-0026,R-0118
HH-0026,R-0119
HH-0026,R-0120
HH-0026,R-0121
HH-0027,R-0122
HH-0027,R-0123
HH-0027,R-0124
HH-0027,R-0125
HH-0028,R-0126
HH-0028,R-0127
HH-0028,R-0128
HH-0029,R-0129
HH-0029,R-0130
HH-0029,R-0131
HH-0029,R-0132
HH-0029,R-0133
HH-0029,R-0134
HH-0030,R-0135
HH-0030,R-0136
HH-0030,R-0137
HH-0030,R-0138
HH-0031,R-0139
HH-0031,R-0140
HH-0031,R-0141
HH-0032,R-0142
HH-0032,R-0143
HH-0032,R-0144
HH-0032,R-0145
