allocation_code,site_code,allocated_to_resident_code,allocation_date,allocation_status
ALLOC-0001,RES-0001,R-0001,1998-08-01,active
ALLOC-0002,RES-0002,R-0005,1995-04-24,active
ALLOC-0003,RES-0003,R-0010,2010-10-17,active
ALLOC-0004,RES-0004,R-0014,2010-03-20,active
ALLOC-0005,RES-0005,R-0019,2001-06-26,active
ALLOC-0006,RES-0006,R-0025,1990-07-26,active
ALLOC-0007,RES-0007,R-0027,1989-05-10,active
ALLOC-0008,RES-0008,R-0030,1989-06-06,active
ALLOC-0009,RES-0009,R-0035,2006-02-18,active
ALLOC-0010,RES-0010,R-0038,1999-03-07,active
ALLOC-0011,RES-0011,R-0042,1989-07-20,active
ALLOC-0012,RES-0012,R-0048,1979-08-05,active
ALLOC-0013,RES-0013,R-0054,1977-08-31,active
ALLOC-0014,RES-0014,R-0060,1983-07-14,active
ALLOC-0015,RES-0015,R-0064,1994-08-30,active
ALLOC-0016,RES-0016,R-0070,1993-08-17,active
ALLOC-0017,RES-0017,R-0075,2007-06-13,active
ALLOC-0018,RES-0018,R-0080,2008-07-20,active
ALLOC-0019,RES-0019,R-0085,1992-12-15,active
ALLOC-0020,RES-0020,R-0088,1998-08-24,active
ALLOC-0021,RES-0021,R-0092,2008-03-14,active
ALLOC-0022,RES-0022,R-0096,1992-01-17,active
ALLOC-0023,RES-0023,R-0102,2010-11-02,active
ALLOC-0024,RES-0024,R-0108,1979-04-30,active
ALLOC-0025,RES-0025,R-0112,1980-11-29,active
ALLOC-0026,RES-0026,R-0118,1980-10-09,active
ALLOC-0027,RES-0027,R-0122,2009-12-21,active
ALLOC-0028,RES-0028,R-0126,1987-12-13,active
ALLOC-0029,RES-0029,R-0129,2007-05-30,active
ALLOC-0030,RES-0030,R-0135,1994-05-21,active
ALLOC-0031,RES-0031,R-0139,2008-01-12,active
ALLOC-0032,RES-0032,R-0142,2010-01-07,active
