resident_code,id_number,first_name,last_name,date_of_birth,gender,contact_number,email,resident_status
R-0001,7010212355087,Ruth,Chabalala,1970-10-21,Female,0604983908,,active
R-0002,0808249447083,Sipho,Chabalala,2008-08-24,Male,,,active
R-0003,0804255551082,Ndivhuwo,Chabalala,2008-04-25,Male,,,active
R-0004,0308150565080,Sarah,Chabalala,2003-08-15,Female,0664191300,,active
R-0005,7208030628087,Rirhandzu,Shirilele,1972-08-03,Female,0617577978,,active
R-0006,7405258829088,Amukelani,Shirilele,1974-05-25,Male,0695508342,,active
R-0007,0711036810085,Mpho,Shirilele,2007-11-03,Male,0617686045,,active
R-0008,0110122899088,Mashudu,Shirilele,2001-10-12,Female,0638481269,mashudu.shirilele.8@example.org,active
R-0009,0505251928089,Sarah,Shirilele,2005-05-25,Female,0769314035,sarah.shirilele.9@example.org,active
R-0010,8010143278084,Beauty,Nemakonde,1980-10-14,Female,0632494371,beauty.nemakonde.10@example.org,active
R-0011,8909135097081,Xolani,Nemakonde,1989-09-13,Male,0804296886,,active
R-0012,0503217455081,Tiyani,Nemakonde,2005-03-21,Male,0832976260,,active
R-0013,0307264991083,Florah,Nemakonde,2003-07-26,Female,0681968592,,active
R-0014,8601239066084,Petrus,Chauke,1986-01-23,Male,0616508969,,active
R-0015,7411080255088,Fulufhelo,Chauke,1974-11-08,Female,0634459092,fulufhelo.chauke.15@example.org,active
R-0016,1410212608087,Ndivhuho,Chauke,2014-10-21,Female,,,active
R-0017,1608238964083,Ntsako,Chauke,2016-08-23,Male,,,active
R-0018,6302092539083,Kurhula,Chauke,1963-02-09,Female,,,active
R-0019,7411107019087,Rhulani,Ramavhoya,1974-11-10,Male,0690465082,,active
R-0020,5602134448081,Mashudu,Ramavhoya,1956-02-13,Female,0705033535,,active
R-0021,0201221807088,Florah,Ramavhoya,2002-01-22,Female,0682135348,,active
R-0022,0610148582089,Risuna,Ramavhoya,2006-10-14,Male,0693666718,,active
R-0023,0207103834082,Sarah,Ramavhoya,2002-07-10,Female,0664869024,sarah.ramavhoya.23@example.org,active
R-0024,0111221238087,Agnes,Ramavhoya,2001-11-22,Female,0793499364,,active
R-0025,6803218800085,Musa,Khosa,1968-03-21,Male,0723586398,musa.khosa.25@example.org,active
R-0026,0404197405081,Tshepo,Khosa,2004-04-19,Male,0619243262,tshepo.khosa.26@example.org,active
R-0027,6504195184085,Rendani,Mashele,1965-04-19,Male,0822203726,,active
R-0028,6607250065089,Vongani,Mashele,1966-07-25,Female,0625402502,vongani.mashele.28@example.org,active
R-0029,8909093008088,Lydia,Mashele,1989-09-09,Female,0680848852,lydia.mashele.29@example.org,active
R-0030,6011280166084,Sarah,Ngobeni,1960-11-28,Female,0602125076,sarah.ngobeni.30@example.org,active
R-0031,8310158884085,Risuna,Ngobeni,1983-10-15,Male,0702661376,,active
R-0032,9211097136083,Wilson,Ngobeni,1992-11-09,Male,0866608948,wilson.ngobeni.32@example.org,active
R-0033,9607222892088,Ntombi,Ngobeni,1996-07-22,Female,0867024470,,active
R-0034,3301303459084,Esther,Ngobeni,1933-01-30,Female,,,deceased
R-0035,8412098860082,Hlulani,Mukhari,1984-12-09,Male,0715150866,hlulani.mukhari.35@example.org,active
R-0036,9012141153086,Maria,Mukhari,1990-12-14,Female,0613682134,,active
R-0037,1610288960086,Themba,Mukhari,2016-10-28,Male,,,active
R-0038,7405234355083,Tintswalo,Hlongwane,1974-05-23,Female,0786803949,,active
R-0039,0106105027085,Moses,Hlongwane,2001-06-10,Male,0805056887,,active
R-0040,0106107172087,Nyiko,Hlongwane,2001-06-10,Male,0768330564,,active
R-0041,4810073462085,Kgaogelo,Hlongwane,1948-10-07,Female,,,active
R-0042,6708162657086,Sarah,Mudau,1967-08-16,Female,0706479656,sarah.mudau.42@example.org,active
R-0043,6908096656085,Themba,Mudau,1969-08-09,Male,0706237681,,active
R-0044,9202294772085,Nyeleti,Mudau,1992-02-29,Female,0809500550,nyeleti.mudau.44@example.org,active
R-0045,0311116446080,Kulani,Mudau,2003-11-11,Male,0805176260,,active
R-0046,8908296541085,Lufuno,Mudau,1989-08-29,Male,0707754611,,active
R-0047,8909114885084,Rirhandzu,Mudau,1989-09-11,Female,0896477742,rirhandzu.mudau.47@example.org,active
R-0048,5205182339085,Ruth,Baloyi,1952-05-18,Female,0697620927,ruth.baloyi.48@example.org,active
R-0049,8306239702080,Khensani,Baloyi,1983-06-23,Male,0637361609,khensani.baloyi.49@example.org,active
R-0050,7804149313080,Khensani,Baloyi,1978-04-14,Male,0798967593,,active
R-0051,7309161047087,Sarah,Baloyi,1973-09-16,Female,0731110730,sarah.baloyi.51@example.org,active
R-0052,8110235118089,Tiyani,Baloyi,1981-10-23,Male,0830982696,,active
R-0053,7302242199084,Sarah,Baloyi,1973-02-24,Female,0731698638,,active
R-0054,5401211674085,Beauty,Ndlovu,1954-01-21,Female,0793139422,,active
R-0055,8210146325086,Daniel,Ndlovu,1982-10-14,Male,0694491669,,active
R-0056,9202040703087,Nomsa,Ndlovu,1992-02-04,Female,0734629791,nomsa.ndlovu.56@example.org,active
R-0057,8508301102087,Thandeka,Ndlovu,1985-08-30,Female,0829438032,thandeka.ndlovu.57@example.org,active
R-0058,8208015260087,Wilson,Ndlovu,1982-08-01,Male,0661811591,wilson.ndlovu.58@example.org,active
R-0059,3206306231085,Rendani,Ndlovu,1932-06-30,Male,,,active
R-0060,6005180510086,Agnes,Mavhunga,1960-05-18,Female,0892076294,,active
R-0061,7403097927080,Hlulani,Mavhunga,1974-03-09,Male,0807109232,hlulani.mavhunga.61@example.org,active
R-0062,8704129478086,Hlulani,Mavhunga,1987-04-12,Male,0609010318,hlulani.mavhunga.62@example.org,active
R-0063,8809234429088,Ntsakisi,Mavhunga,1988-09-23,Female,0831546921,,active
R-0064,6609118492083,Takalani,Hlungwani,1966-09-11,Male,0700220161,,active
R-0065,8210251902083,Tintswalo,Hlungwani,1982-10-25,Female,0817564014,,active
R-0066,9401116369084,Sipho,Hlungwani,1994-01-11,Male,0691088245,,active
R-0067,9105258233087,Samuel,Hlungwani,1991-05-25,Male,0795636097,,active
R-0068,9509111993086,Hlamalani,Hlungwani,1995-09-11,Female,0621629706,hlamalani.hlungwani.68@example.org,active
R-0069,9807058351080,Vutomi,Hlungwani,1998-07-05,Male,0708549389,,active
R-0070,6607205120088,Hlayisani,Mathebula,1966-07-20,Male,0810448218,hlayisani.mathebula.70@example.org,active
R-0071,9410294728086,Kgaogelo,Mathebula,1994-10-29,Female,0783021023,kgaogelo.mathebula.71@example.org,active
R-0072,9209021580087,Lydia,Mathebula,1992-09-02,Female,0627891985,lydia.mathebula.72@example.org,active
R-0073,0302195213087,Moses,Mathebula,2003-02-19,Male,0790844662,moses.mathebula.73@example.org,active
R-0074,3812102744088,Lydia,Mathebula,1938-12-10,Female,,,active
R-0075,7803295980080,Sipho,Mhlongo,1978-03-29,Male,0686347735,sipho.mhlongo.75@example.org,active
R-0076,1105309896088,Khensani,Mhlongo,2011-05-30,Male,,,active
R-0077,1401120629083,Grace,Mhlongo,2014-01-12,Female,,,active
R-0078,1111212176089,Kurhula,Mhlongo,2011-11-21,Female,,,active
R-0079,1403210978081,Maria,Mhlongo,2014-03-21,Female,,,active
R-0080,7801272336086,Tintswalo,Shibambu,1978-01-27,Female,0792796857,tintswalo.shibambu.80@example.org,active
R-0081,5706257001088,Nyiko,Shibambu,1957-06-25,Male,0626275661,nyiko.shibambu.81@example.org,active
R-0082,9812200924081,Florah,Shibambu,1998-12-20,Female,0784409509,florah.shibambu.82@example.org,active
R-0083,1112256063084,Khensani,Shibambu,2011-12-25,Male,,,active
R-0084,0502230317088,Maria,Shibambu,2005-02-23,Female,0666072231,,active
R-0085,6307076417081,Xolani,Maluleke,1963-07-07,Male,0805935427,,active
R-0086,9206086637083,Elias,Maluleke,1992-06-08,Male,0602680965,elias.maluleke.86@example.org,active
R-0087,4309305455082,Lufuno,Maluleke,1943-09-30,Male,,,active
R-0088,7205017711084,Themba,Ngoveni,1972-05-01,Male,0692064623,themba.ngoveni.88@example.org,active
R-0089,0309220072081,Murendeni,Ngoveni,2003-09-22,Female,0638730806,,active
R-0090,9603243495084,Kgaogelo,Ngoveni,1996-03-24,Female,0722001286,kgaogelo.ngoveni.90@example.org,active
R-0091,0603065756083,Xolani,Ngoveni,2006-03-06,Male,0704473054,,active
R-0092,7903034993087,Mixo,Rikhotso,1979-03-03,Female,0608041359,mixo.rikhotso.92@example.org,active
R-0093,5504057569085,Joseph,Rikhotso,1955-04-05,Male,0896153590,joseph.rikhotso.93@example.org,active
R-0094,1207136378080,Mpho,Rikhotso,2012-07-13,Male,,,active
R-0095,5407093672089,Maria,Rikhotso,1954-07-09,Female,,,active
R-0096,6206269500085,Wilson,Nkuna,1962-06-26,Male,0682004977,,active
R-0097,8611050961081,Mashudu,Nkuna,1986-11-05,Female,0639196352,,active
R-0098,9408270946086,Kurhula,Nkuna,1994-08-27,Female,0600389488,kurhula.nkuna.98@example.org,active
R-0099,9904199048087,Tshepo,Nkuna,1999-04-19,Male,0811027775,tshepo.nkuna.99@example.org,active
R-0100,9511133856085,Ntombi,Nkuna,1995-11-13,Female,0688265107,,active
R-0101,9005254151087,Grace,Nkuna,1990-05-25,Female,0615320840,,active
R-0102,8402068238088,Xolani,Mashaba,1984-02-06,Male,0714972089,,active
R-0103,5808142033084,Rirhandzu,Mashaba,1958-08-14,Female,0660141649,rirhandzu.mashaba.103@example.org,active
R-0104,1311103087086,Kurhula,Mashaba,2013-11-10,Female,,,active
R-0105,1210090205083,Hlamalani,Mashaba,2012-10-09,Female,,,active
R-0106,0606035097082,Takalani,Mashaba,2006-06-03,Male,0893091603,takalani.mashaba.106@example.org,active
R-0107,5905114864080,Nyeleti,Mashaba,1959-05-11,Female,,,active
R-0108,5601053461083,Agnes,Tshikovhi,1956-01-05,Female,0767232123,,active
R-0109,5512055865082,Petrus,Tshikovhi,1955-12-05,Male,0784685276,petrus.tshikovhi.109@example.org,active
R-0110,7708039775086,Joseph,Tshikovhi,1977-08-03,Male,0722815093,,active
R-0111,8810251047084,Fulufhelo,Tshikovhi,1988-10-25,Female,0661789496,fulufhelo.tshikovhi.111@example.org,active
R-0112,5405143469084,Florah,Shivambu,1954-05-14,Female,0616062341,,active
R-0113,5608287582089,Sipho,Shivambu,1956-08-28,Male,0789526140,,active
R-0114,9004026260086,Samuel,Shivambu,1990-04-02,Male,0728736282,,active
R-0115,7603176194086,Basani,Shivambu,1976-03-17,Male,0813206380,,active
R-0116,8109108814089,Xolani,Shivambu,1981-09-10,Male,0631292615,,active
R-0117,7401228598085,Ndivhuwo,Shivambu,1974-01-22,Male,0691971141,ndivhuwo.shivambu.117@example.org,active
R-0118,5301278236085,Petrus,Makhubele,1953-01-27,Male,0885303788,,active
R-0119,6210222296088,Hlamalani,Makhubele,1962-10-22,Female,0722481946,,active
R-0120,8408256607083,Themba,Makhubele,1984-08-25,Male,0695661462,themba.makhubele.120@example.org,active
R-0121,3002040103080,Nkateko,Makhubele,1930-02-04,Female,,,deceased
R-0122,8603016411087,Vutomi,Sambo,1986-03-01,Male,0803403114,,active
R-0123,8709210593081,Ntombi,Sambo,1987-09-21,Female,0814817950,ntombi.sambo.123@example.org,active
R-0124,0711186930089,Elias,Sambo,2007-11-18,Male,0792882102,,active
R-0125,1411078052089,Khensani,Sambo,2014-11-07,Male,,,active
R-0126,5707207730081,Joseph,Netshiongolwe,1957-07-20,Male,0764536705,,active
R-0127,5911180265087,Mashudu,Netshiongolwe,1959-11-18,Female,0712856217,,active
R-0128,9502134227087,Nkateko,Netshiongolwe,1995-02-13,Female,0630757329,,active
R-0129,8006300941084,Hlamalani,Novela,1980-06-30,Female,0782694983,hlamalani.novela.129@example.org,active
R-0130,7012159294089,Amukelani,Novela,1970-12-15,Male,0627960111,,active
R-0131,1607294850087,Grace,Novela,2016-07-29,Female,,,active
R-0132,1306205115082,Elias,Novela,2013-06-20,Male,,,active
R-0133,1409200457085,Fulufhelo,Novela,2014-09-20,Female,,,active
R-0134,0106230689080,Ruth,Novela,2001-06-23,Female,0860169259,,active
R-0135,6908035653086,Kulani,Mabunda,1969-08-03,Male,0702073381,,active
R-0136,7705213211086,Agnes,Mabunda,1977-05-21,Female,0681377922,agnes.mabunda.136@example.org,active
R-0137,0706222589089,Sarah,Mabunda,2007-06-22,Female,0886351935,sarah.mabunda.137@example.org,active
R-0138,9205129495087,Ndivhuwo,Mabunda,1992-05-12,Male,0607076450,ndivhuwo.mabunda.138@example.org,active
R-0139,8102109494084,Takalani,Chabalala,1981-02-10,Male,0721461158,,active
R-0140,7508190462080,Vongani,Chabalala,1975-08-19,Female,0735742391,,active
R-0141,0402295561086,Moses,Chabalala,2004-02-29,Male,0621817850,,active
R-0142,8111119871082,Tsakani,Shirilele,1981-11-11,Male,0682104120,tsakani.shirilele.142@example.org,active
R-0143,7211034029088,Mashudu,Shirilele,1972-11-03,Female,0812780348,,active
R-0144,1611112413086,Kgaogelo,Shirilele,2016-11-11,Female,,,active
R-0145,6102102370085,Esther,Shirilele,1961-02-10,Female,,,deceased
